race,drv,stint,compound,laps,average_lap,best_lap,first_lap_time,last_lap_time,average_tyre_life,pace_change
Australian Grand Prix,ALB,1,MEDIUM,12,91.56275,85.558,99.376,125.578,6.5,26.201999999999998
Australian Grand Prix,ALB,2,HARD,21,90.29438095238095,85.035,112.348,110.03,11.0,-2.317999999999998
Australian Grand Prix,ALB,3,SOFT,24,85.330875,84.375,90.918,86.268,12.5,-4.650000000000006
Australian Grand Prix,ALO,1,SOFT,11,91.64536363636364,86.792,98.271,119.99,6.0,21.718999999999994
Australian Grand Prix,ALO,2,SOFT,2,595.9354999999999,122.34,122.34,1069.531,1.5,947.1909999999999
Australian Grand Prix,ALO,3,SOFT,8,88.227375,85.713,98.828,88.082,6.5,-10.74600000000001
Australian Grand Prix,ANT,1,MEDIUM,12,89.37725,83.683,96.966,129.682,6.5,32.715999999999994
Australian Grand Prix,ANT,2,HARD,46,85.15756521739131,82.417,117.691,82.653,23.5,-35.038
Australian Grand Prix,BEA,1,MEDIUM,18,91.16983333333333,84.562,99.765,107.604,9.5,7.838999999999999
Australian Grand Prix,BEA,2,HARD,39,85.90607692307692,84.02,116.677,86.649,20.0,-30.028000000000006
Australian Grand Prix,BOR,1,MEDIUM,18,91.46261111111112,84.819,98.755,110.359,9.5,11.604
Australian Grand Prix,BOR,2,HARD,15,87.88773333333333,83.978,115.679,104.235,8.0,-11.444000000000003
Australian Grand Prix,BOR,3,HARD,24,84.788875,83.257,93.286,84.821,12.5,-8.465000000000003
Australian Grand Prix,BOT,1,HARD,12,98.75675000000001,87.364,100.85,192.042,6.5,91.19200000000001
Australian Grand Prix,BOT,2,HARD,3,95.61,91.33,104.111,91.33,14.0,-12.781000000000006
Australian Grand Prix,COL,1,HARD,9,91.15199999999999,85.818,101.613,109.931,5.0,8.317999999999998
Australian Grand Prix,COL,2,HARD,37,89.87243243243242,84.932,92.762,102.911,28.0,10.149000000000001
Australian Grand Prix,COL,3,SOFT,10,84.964,82.926,90.309,83.621,5.5,-6.688000000000002
Australian Grand Prix,GAS,1,MEDIUM,11,88.86627272727273,84.964,97.98,104.821,6.0,6.840999999999994
Australian Grand Prix,GAS,2,HARD,46,87.78910869565217,84.486,118.072,84.837,23.5,-33.235
Australian Grand Prix,HAD,1,MEDIUM,10,86.5525,85.239,96.046,85.363,5.5,-10.683000000000007
Australian Grand Prix,HAM,1,MEDIUM,28,89.10682142857142,83.382,95.261,99.578,14.5,4.317000000000007
Australian Grand Prix,HAM,2,HARD,30,83.59846666666667,82.423,89.135,82.637,15.5,-6.498000000000005
Australian Grand Prix,LAW,1,MEDIUM,11,90.33554545454545,85.751,102.188,110.026,6.0,7.837999999999994
Australian Grand Prix,LAW,2,HARD,22,91.47518181818181,84.91,130.384,114.107,11.5,-16.276999999999987
Australian Grand Prix,LAW,3,SOFT,24,84.90954166666667,83.783,90.927,86.317,12.5,-4.610000000000014
Australian Grand Prix,LEC,1,MEDIUM,25,89.57508,83.322,91.929,97.834,13.0,5.905000000000001
Australian Grand Prix,LEC,2,HARD,33,83.72554545454545,82.579,89.317,83.317,17.0,-6.0
Australian Grand Prix,LIN,1,MEDIUM,18,91.06794444444444,84.877,96.081,108.224,9.5,12.143
Australian Grand Prix,LIN,2,HARD,39,86.13830769230769,84.182,117.225,84.689,20.0,-32.536
Australian Grand Prix,NOR,1,MEDIUM,11,88.33936363636363,84.978,96.458,103.391,6.0,6.933000000000007
Australian Grand Prix,NOR,2,HARD,23,89.84326086956521,83.394,118.075,112.732,12.0,-5.3430000000000035
Australian Grand Prix,NOR,3,MEDIUM,24,83.35058333333333,82.358,89.434,83.046,12.5,-6.387999999999991
Australian Grand Prix,OCO,1,MEDIUM,11,88.81036363636363,85.029,97.5,105.949,6.0,8.448999999999998
Australian Grand Prix,OCO,2,HARD,46,87.82036956521739,84.424,116.405,84.573,23.5,-31.832000000000008
Australian Grand Prix,PER,1,MEDIUM,18,94.29555555555555,87.05,102.557,126.084,9.5,23.527
Australian Grand Prix,PER,2,HARD,25,89.89304,86.49,103.359,105.049,13.0,1.690000000000012
Australian Grand Prix,PER,3,SOFT,12,87.50041666666665,86.07,93.422,88.957,6.5,-4.465000000000003
Australian Grand Prix,RUS,1,MEDIUM,12,88.90633333333334,83.967,92.694,125.94,6.5,33.245999999999995
Australian Grand Prix,RUS,2,HARD,46,85.21576086956522,82.67,117.659,83.351,23.5,-34.30800000000001
Australian Grand Prix,SAI,1,SOFT,11,89.778,85.433,99.815,106.912,6.0,7.097000000000008
Australian Grand Prix,SAI,2,HARD,22,91.80086363636363,84.824,116.846,119.861,11.5,3.0150000000000006
Australian Grand Prix,SAI,3,MEDIUM,12,88.99116666666667,84.804,93.021,116.391,6.5,23.370000000000005
Australian Grand Prix,SAI,4,SOFT,11,86.23781818181818,83.59,91.589,84.823,6.0,-6.766000000000005
Australian Grand Prix,STR,1,MEDIUM,11,93.52336363636364,87.614,103.37,132.251,6.0,28.881
Australian Grand Prix,STR,2,HARD,15,95.25426666666667,86.872,118.206,118.866,8.0,0.6599999999999966
Australian Grand Prix,STR,3,SOFT,8,225.074375,86.064,97.514,1168.144,4.5,1070.63
Australian Grand Prix,STR,4,SOFT,5,91.92519999999999,85.41,95.637,105.889,3.0,10.251999999999995
Australian Grand Prix,STR,5,SOFT,4,87.5105,85.444,92.972,85.919,2.5,-7.052999999999997
Australian Grand Prix,VER,1,HARD,18,91.1228888888889,84.098,101.333,108.547,9.5,7.213999999999999
Australian Grand Prix,VER,2,MEDIUM,23,86.40760869565217,83.363,116.349,98.866,12.0,-17.483000000000004
Australian Grand Prix,VER,3,HARD,17,83.1665294117647,82.091,87.991,83.533,9.0,-4.457999999999998
Chinese Grand Prix,ALO,1,HARD,31,105.5505806451613,99.721,107.23,106.419,16.0,-0.811000000000007
Chinese Grand Prix,ALO,2,MEDIUM,1,127.515,127.515,127.515,127.515,1.0,0.0
Chinese Grand Prix,ANT,1,MEDIUM,10,98.7317,97.172,100.137,106.671,5.5,6.534000000000006
Chinese Grand Prix,ANT,2,HARD,46,100.18021739130435,95.275,167.222,96.929,23.5,-70.293
Chinese Grand Prix,BEA,1,MEDIUM,10,102.1895,98.61,107.851,117.43,5.5,9.579000000000008
Chinese Grand Prix,BEA,2,HARD,46,100.67347826086956,96.429,152.03,96.429,23.5,-55.601
Chinese Grand Prix,BOT,1,MEDIUM,10,104.2956,100.278,108.335,125.131,5.5,16.796000000000006
Chinese Grand Prix,BOT,2,HARD,45,102.41797777777778,98.393,156.783,98.393,23.0,-58.389999999999986
Chinese Grand Prix,COL,1,HARD,32,104.279375,97.802,105.498,102.819,16.5,-2.679000000000002
Chinese Grand Prix,COL,2,MEDIUM,23,98.74217391304349,96.783,124.117,98.237,12.0,-25.88000000000001
Chinese Grand Prix,GAS,1,MEDIUM,10,100.4585,98.298,102.591,112.994,5.5,10.403000000000006
Chinese Grand Prix,GAS,2,HARD,46,101.1015,96.505,158.639,96.569,23.5,-62.07000000000001
Chinese Grand Prix,HAD,1,SOFT,1,123.643,123.643,123.643,123.643,4.0,0.0
Chinese Grand Prix,HAD,2,HARD,9,104.33355555555555,98.261,120.199,128.038,5.0,7.839000000000013
Chinese Grand Prix,HAD,3,HARD,46,100.43932608695651,97.311,154.638,97.544,23.5,-57.09400000000001
Chinese Grand Prix,HAM,1,MEDIUM,10,99.5895,97.636,99.448,109.946,5.5,10.498000000000005
Chinese Grand Prix,HAM,2,HARD,46,100.54302173913044,96.092,162.319,96.103,23.5,-66.216
Chinese Grand Prix,HUL,1,HARD,35,103.86668571428571,97.762,108.719,104.913,18.0,-3.8059999999999974
Chinese Grand Prix,HUL,2,MEDIUM,20,99.0691,96.18,132.21,97.571,10.5,-34.63900000000001
Chinese Grand Prix,LAW,1,MEDIUM,9,101.03044444444444,98.947,106.084,106.179,5.0,0.09499999999999886
Chinese Grand Prix,LAW,2,HARD,47,101.42385106382979,97.096,142.138,97.096,24.0,-45.042
Chinese Grand Prix,LEC,1,MEDIUM,10,99.89189999999999,97.794,101.064,112.397,5.5,11.333000000000013
Chinese Grand Prix,LEC,2,HARD,46,100.55613043478262,96.011,161.733,96.011,23.5,-65.72200000000001
Chinese Grand Prix,LIN,1,HARD,42,103.38185714285716,97.97,106.513,103.637,21.5,-2.8760000000000048
Chinese Grand Prix,LIN,2,MEDIUM,13,98.18438461538462,96.099,117.028,97.504,7.0,-19.524
Chinese Grand Prix,OCO,1,HARD,29,104.95562068965518,97.825,106.693,104.567,15.0,-2.1260000000000048
Chinese Grand Prix,OCO,2,MEDIUM,17,100.27029411764705,96.926,118.996,103.55,9.0,-15.445999999999998
Chinese Grand Prix,OCO,3,SOFT,9,101.50611111111112,95.964,140.887,96.281,5.0,-44.605999999999995
Chinese Grand Prix,PER,1,MEDIUM,11,107.63509090909089,100.557,115.089,138.719,6.0,23.629999999999995
Chinese Grand Prix,PER,2,HARD,44,101.9605,98.523,137.935,98.898,22.5,-39.037000000000006
Chinese Grand Prix,RUS,1,MEDIUM,10,99.46340000000001,97.093,101.815,112.779,5.5,10.963999999999999
Chinese Grand Prix,RUS,2,HARD,46,100.14104347826087,95.4,162.723,95.4,23.5,-67.32300000000001
Chinese Grand Prix,SAI,1,MEDIUM,9,101.42166666666667,98.988,107.507,105.134,5.0,-2.3730000000000047
Chinese Grand Prix,SAI,2,HARD,46,102.05402173913043,97.981,143.187,98.228,23.5,-44.95900000000002
Chinese Grand Prix,STR,1,HARD,9,102.21433333333333,100.883,109.471,100.883,5.0,-8.588000000000008
Chinese Grand Prix,VER,1,SOFT,9,101.08411111111111,99.08,107.91,105.525,8.0,-2.384999999999991
Chinese Grand Prix,VER,2,HARD,36,103.79277777777777,97.046,143.152,154.867,18.5,11.715000000000003
Japanese Grand Prix,ALB,1,MEDIUM,22,99.03395454545453,96.417,105.225,131.647,11.5,26.421999999999997
Japanese Grand Prix,ALB,2,HARD,23,105.07204347826088,94.969,145.208,97.604,12.0,-47.604
Japanese Grand Prix,ALB,3,SOFT,1,116.651,116.651,116.651,116.651,1.0,0.0
Japanese Grand Prix,ALB,4,SOFT,1,117.5,117.5,117.5,117.5,2.0,0.0
Japanese Grand Prix,ALB,5,SOFT,1,119.619,119.619,119.619,119.619,3.0,0.0
Japanese Grand Prix,ALB,6,SOFT,1,127.219,127.219,127.219,127.219,4.0,0.0
Japanese Grand Prix,ALB,7,MEDIUM,2,106.0385,93.427,118.65,93.427,1.5,-25.223
Japanese Grand Prix,ALO,1,MEDIUM,21,99.85671428571429,97.866,107.044,119.021,11.0,11.977000000000004
Japanese Grand Prix,ALO,2,HARD,2,128.828,113.088,144.568,113.088,1.5,-31.480000000000018
Japanese Grand Prix,ALO,3,MEDIUM,29,101.90703448275862,96.221,125.307,98.953,15.0,-26.354
Japanese Grand Prix,ANT,1,MEDIUM,22,96.01454545454546,93.948,98.784,113.376,11.5,14.591999999999999
Japanese Grand Prix,ANT,2,HARD,31,102.293,92.432,159.827,94.063,16.0,-65.764
Japanese Grand Prix,BEA,1,MEDIUM,16,97.4599375,96.291,104.406,98.787,8.5,-5.619
Japanese Grand Prix,BEA,2,HARD,4,101.25274999999999,95.604,117.448,95.604,2.5,-21.843999999999994
Japanese Grand Prix,BOR,1,MEDIUM,22,98.38045454545454,95.825,102.93,126.395,11.5,23.46499999999999
Japanese Grand Prix,BOR,2,HARD,31,102.51970967741936,94.164,145.57,95.123,16.0,-50.44699999999999
Japanese Grand Prix,BOT,1,HARD,19,99.61415789473685,98.311,107.837,101.943,10.0,-5.8940000000000055
Japanese Grand Prix,BOT,2,MEDIUM,33,104.04106060606061,96.269,120.289,96.269,17.0,-24.019999999999996
Japanese Grand Prix,COL,1,MEDIUM,17,97.31929411764705,96.428,103.16,99.258,9.0,-3.902000000000001
Japanese Grand Prix,COL,2,HARD,36,102.6318888888889,94.512,116.885,94.685,18.5,-22.200000000000003
Japanese Grand Prix,GAS,1,MEDIUM,22,97.1154090909091,95.436,99.651,120.96,11.5,21.308999999999997
Japanese Grand Prix,GAS,2,HARD,31,102.55496774193549,93.691,148.721,94.169,16.0,-54.55200000000001
Japanese Grand Prix,HAD,1,MEDIUM,19,97.07005263157895,96.017,100.293,97.735,10.0,-2.558000000000007
Japanese Grand Prix,HAD,2,HARD,34,102.80076470588236,93.837,115.961,93.837,17.5,-22.123999999999995
Japanese Grand Prix,HAM,1,MEDIUM,22,96.42027272727273,94.876,98.386,116.919,11.5,18.533
Japanese Grand Prix,HAM,2,HARD,31,102.81270967741935,92.777,157.39,93.669,16.0,-63.72099999999999
Japanese Grand Prix,HUL,1,MEDIUM,23,99.67921739130436,95.575,106.149,129.419,12.0,23.27000000000001
Japanese Grand Prix,HUL,2,HARD,30,101.43536666666667,93.732,144.563,93.796,15.5,-50.76699999999998
Japanese Grand Prix,LAW,1,MEDIUM,22,98.33227272727272,96.18,102.498,126.314,11.5,23.81599999999999
Japanese Grand Prix,LAW,2,HARD,31,102.26687096774194,94.23,144.976,94.23,16.0,-50.745999999999995
Japanese Grand Prix,LEC,1,MEDIUM,17,95.55394117647059,94.955,96.36,97.448,9.0,1.0879999999999939
Japanese Grand Prix,LEC,2,HARD,36,102.06266666666666,92.634,114.337,92.634,18.5,-21.703000000000003
Japanese Grand Prix,LIN,1,MEDIUM,18,97.13811111111112,96.039,100.66,99.196,9.5,-1.4639999999999986
Japanese Grand Prix,LIN,2,HARD,35,102.70757142857143,94.314,118.75,94.314,18.0,-24.436000000000007
Japanese Grand Prix,NOR,1,MEDIUM,16,95.6816875,94.905,97.206,98.222,8.5,1.0159999999999911
Japanese Grand Prix,NOR,2,HARD,37,102.05337837837837,93.208,114.481,93.56,19.0,-20.920999999999992
Japanese Grand Prix,OCO,1,MEDIUM,19,96.92331578947368,95.822,101.913,98.899,10.0,-3.013999999999996
Japanese Grand Prix,OCO,2,HARD,34,102.73752941176471,94.256,116.919,94.256,17.5,-22.662999999999997
Japanese Grand Prix,PER,1,MEDIUM,21,98.92857142857143,97.605,105.73,108.146,11.0,2.415999999999997
Japanese Grand Prix,PER,2,HARD,32,103.07362499999999,95.637,146.275,95.637,16.5,-50.638000000000005
Japanese Grand Prix,PIA,1,MEDIUM,18,95.21627777777778,94.793,95.268,97.327,9.5,2.0589999999999975
Japanese Grand Prix,PIA,2,HARD,35,102.37805714285714,92.996,114.537,93.294,18.0,-21.24300000000001
Japanese Grand Prix,RUS,1,MEDIUM,21,95.19995238095238,94.469,97.823,96.505,11.0,-1.3179999999999978
Japanese Grand Prix,RUS,2,HARD,32,103.1236875,92.549,139.263,92.549,16.5,-46.714
Japanese Grand Prix,SAI,1,MEDIUM,22,98.7014090909091,96.46,103.908,126.871,11.5,22.962999999999994
Japanese Grand Prix,SAI,2,HARD,31,102.48322580645161,94.514,146.337,94.539,16.0,-51.79799999999999
Japanese Grand Prix,STR,1,MEDIUM,21,99.4837619047619,97.683,108.234,111.658,11.0,3.4240000000000066
Japanese Grand Prix,STR,2,HARD,3,119.86866666666667,105.541,146.19,107.875,2.0,-38.315
Japanese Grand Prix,STR,3,MEDIUM,6,120.11083333333333,97.217,146.413,100.631,3.5,-45.78200000000001
Japanese Grand Prix,VER,1,MEDIUM,22,97.30763636363636,95.535,101.273,121.756,11.5,20.483000000000004
Japanese Grand Prix,VER,2,HARD,31,102.4294193548387,93.552,145.562,94.007,16.0,-51.55500000000001
